{"last_target_acc": 0.755, "_timestamp": 1716625505.0617244, "_runtime": 15.369248390197754, "_step": 49, "_wandb": {"runtime": 14}}