{"last_target_acc": 1.0, "_timestamp": 1716625649.2113633, "_runtime": 11.055198431015015, "_step": 49, "_wandb": {"runtime": 10}}