{"last_target_acc": 1.0, "_timestamp": 1716625732.3101456, "_runtime": 11.385542631149292, "_step": 49, "_wandb": {"runtime": 10}}