{"last_target_acc": 0.458, "_timestamp": 1716625627.6385324, "_runtime": 15.403725385665894, "_step": 49, "_wandb": {"runtime": 14}}