{"Train-Acc Source Data": 1.0, "_timestamp": 1716629671.3273668, "last_target_acc": 0.219, "_runtime": 13.736061811447144, "_step": 100, "best_target_acc": 0.411, "target_acc": 0.219, "_wandb": {"runtime": 13}}