{"last_target_acc": 0.414, "_timestamp": 1716625555.7452831, "_runtime": 15.48612117767334, "_step": 49, "_wandb": {"runtime": 14}}