{"Train-Acc Source Data 0": 1.0, "_timestamp": 1716631650.9357622, "Train-Acc Source Data 1": 1.0, "last_target_acc": 0.695, "_runtime": 21.69708514213562, "_step": 100, "best_target_acc": 0.703, "target_acc": 0.695, "_wandb": {"runtime": 21}}