{"last_target_acc": 0.958, "_timestamp": 1716625691.495417, "_runtime": 10.888405084609985, "_step": 49, "_wandb": {"runtime": 10}}