{"Train-Acc Source Data 0": 1.0, "_timestamp": 1716631893.9901924, "Train-Acc Source Data 1": 1.0, "last_target_acc": 0.847, "_runtime": 21.590670347213745, "_step": 100, "best_target_acc": 0.866, "target_acc": 0.847, "_wandb": {"runtime": 20}}