{"Train-Acc Source Data 0": 1.0, "_timestamp": 1716631386.3849704, "Train-Acc Source Data 1": 1.0, "last_target_acc": 0.883, "_runtime": 21.693535327911377, "_step": 100, "best_target_acc": 0.896, "target_acc": 0.883, "_wandb": {"runtime": 21}}