{"Train-Acc Source Data 0": 1.0, "_timestamp": 1716631711.3349383, "Train-Acc Source Data 1": 1.0, "last_target_acc": 0.708, "_runtime": 21.561200380325317, "_step": 100, "best_target_acc": 0.716, "target_acc": 0.708, "_wandb": {"runtime": 21}}