{"last_target_acc": 0.452, "_timestamp": 1716625712.1749346, "_runtime": 10.89639663696289, "_step": 49, "_wandb": {"runtime": 10}}