{"Train-Acc Source Data 0": 0.9875, "_timestamp": 1716629499.2519698, "Train-Acc Source Data 1": 0.9875, "last_target_acc": 0.167, "_runtime": 12.272317886352539, "_step": 100, "best_target_acc": 0.367, "target_acc": 0.167, "_wandb": {"runtime": 11}}