{"last_target_acc": 1.0, "_timestamp": 1716625752.2269013, "_runtime": 11.429137229919434, "_step": 49, "_wandb": {"runtime": 10}}