{"last_target_acc": 0.979, "_timestamp": 1716625817.161095, "_runtime": 10.726751804351807, "_step": 49, "_wandb": {"runtime": 10}}