{"last_target_acc": 0.896, "_timestamp": 1716625603.869751, "_runtime": 15.525430917739868, "_step": 49, "_wandb": {"runtime": 14}}