{"Train-Acc Source Data": 0.9375, "_timestamp": 1716625220.304602, "Train-Acc Discriminator": 78.4375, "last_target_acc": 0.276, "_runtime": 10.75484299659729, "_step": 100, "best_target_acc": 0.875, "target_acc": 0.276, "_wandb": {"runtime": 10}}