{"Train-Acc Source Data": 0.925, "_timestamp": 1716625178.1417482, "last_target_acc": 0.167, "_runtime": 10.825814247131348, "_step": 100, "best_target_acc": 0.44, "target_acc": 0.167, "_wandb": {"runtime": 9}}