{"Train-Acc Source Data 0": 1.0, "_timestamp": 1716626426.4576848, "Train-Acc Source Data 1": 1.0, "last_target_acc": 0.518, "_runtime": 24.358078718185425, "_step": 100, "best_target_acc": 0.606, "target_acc": 0.518, "_wandb": {"runtime": 23}}