{"Train-Acc Source Data 0": 1.0, "_timestamp": 1716631741.5224295, "Train-Acc Source Data 1": 1.0, "last_target_acc": 0.773, "_runtime": 21.999107360839844, "_step": 100, "best_target_acc": 0.797, "target_acc": 0.773, "_wandb": {"runtime": 21}}