{"Train-Acc Source Data 0": 1.0, "_timestamp": 1716628285.8720343, "Train-Acc Source Data 1": 1.0, "last_target_acc": 0.366, "_runtime": 24.119901418685913, "_step": 100, "best_target_acc": 0.482, "target_acc": 0.366, "_wandb": {"runtime": 23}}