{"Train-Acc Source Data 0": 1.0, "_timestamp": 1716628585.3143127, "Train-Acc Source Data 1": 1.0, "last_target_acc": 0.121, "_runtime": 24.43127465248108, "_step": 100, "best_target_acc": 0.538, "target_acc": 0.121, "_wandb": {"runtime": 23}}