{"last_target_acc": 0.755, "_timestamp": 1716625431.494565, "_runtime": 15.316500902175903, "_step": 49, "_wandb": {"runtime": 14}}