{"Train-Acc Source Data 0": 1.0, "_timestamp": 1716628780.8399525, "Train-Acc Source Data 1": 1.0, "last_target_acc": 0.445, "_runtime": 21.257078409194946, "_step": 100, "best_target_acc": 0.56, "target_acc": 0.445, "_wandb": {"runtime": 20}}