{"last_target_acc": 1.0, "_timestamp": 1716625839.169433, "_runtime": 10.951956033706665, "_step": 49, "_wandb": {"runtime": 10}}