{"last_target_acc": 1.0, "_timestamp": 1716625794.5106661, "_runtime": 10.797102212905884, "_step": 49, "_wandb": {"runtime": 10}}