{"Train-Acc Source Data 0": 1.0, "_timestamp": 1716624775.9763436, "Train-Acc Source Data 1": 1.0, "last_target_acc": 0.387, "_runtime": 25.10581874847412, "_step": 100, "best_target_acc": 0.572, "target_acc": 0.387, "_wandb": {"runtime": 23}}