{"Train-Acc Source Data": 1.0, "_timestamp": 1716624782.6319542, "last_target_acc": 0.56, "_runtime": 13.126396179199219, "_step": 100, "best_target_acc": 0.57, "target_acc": 0.56, "_wandb": {"runtime": 12}}