{"Train-Acc Source Data 0": 1.0, "_timestamp": 1716624889.404873, "Train-Acc Source Data 1": 1.0, "last_target_acc": 0.086, "_runtime": 24.054268836975098, "_step": 100, "best_target_acc": 0.429, "target_acc": 0.086, "_wandb": {"runtime": 23}}