{"Train-Acc Source Data": 0.975, "_timestamp": 1716625280.0012326, "Train-Acc Discriminator": 45.3125, "last_target_acc": 0.0, "_runtime": 11.051625728607178, "_step": 100, "best_target_acc": 0.615, "target_acc": 0.0, "_wandb": {"runtime": 10}}