{"Train-Acc Source Data 0": 1.0, "_timestamp": 1716625381.5106883, "Train-Acc Source Data 1": 1.0, "last_target_acc": 0.609, "_runtime": 19.70847725868225, "_step": 100, "best_target_acc": 0.685, "target_acc": 0.609, "_wandb": {"runtime": 19}}