{"Train-Acc Source Data 0": 1.0, "_timestamp": 1716628367.70178, "Train-Acc Source Data 1": 1.0, "last_target_acc": 0.302, "_runtime": 22.945784091949463, "_step": 100, "best_target_acc": 0.547, "target_acc": 0.302, "_wandb": {"runtime": 22}}