{"Train-Acc Source Data": 0.88125, "_timestamp": 1716625021.9630852, "last_target_acc": 0.177, "_runtime": 10.426047086715698, "_step": 100, "best_target_acc": 0.406, "target_acc": 0.177, "_wandb": {"runtime": 9}}