{"Train-Acc Source Data 0": 1.0, "_timestamp": 1716631618.1369069, "Train-Acc Source Data 1": 1.0, "last_target_acc": 0.883, "_runtime": 21.518099784851074, "_step": 100, "best_target_acc": 0.896, "target_acc": 0.883, "_wandb": {"runtime": 20}}