{"last_target_acc": 0.706, "_timestamp": 1716625481.3254158, "_runtime": 15.364101886749268, "_step": 49, "_wandb": {"runtime": 14}}