{"Train-Acc Source Data 0": 1.0, "_timestamp": 1716631035.6346507, "Train-Acc Source Data 1": 1.0, "last_target_acc": 0.826, "_runtime": 21.926560640335083, "_step": 100, "best_target_acc": 0.857, "target_acc": 0.826, "_wandb": {"runtime": 21}}