{"Train-Acc Source Data 0": 1.0, "_timestamp": 1716628729.262958, "Train-Acc Source Data 1": 1.0, "last_target_acc": 0.453, "_runtime": 21.499671936035156, "_step": 100, "best_target_acc": 0.56, "target_acc": 0.453, "_wandb": {"runtime": 20}}