{"Train-Acc Source Data 0": 1.0, "_timestamp": 1716629229.8549337, "Train-Acc Source Data 1": 1.0, "last_target_acc": 0.74, "_runtime": 21.688767671585083, "_step": 100, "best_target_acc": 0.802, "target_acc": 0.74, "_wandb": {"runtime": 21}}