{"Train-Acc Source Data": 1.0, "_timestamp": 1716624848.9248924, "last_target_acc": 0.518, "_runtime": 12.826225519180298, "_step": 100, "best_target_acc": 0.576, "target_acc": 0.518, "_wandb": {"runtime": 12}}