{"last_target_acc": 1.0, "_timestamp": 1716625772.7515855, "_runtime": 10.790573596954346, "_step": 49, "_wandb": {"runtime": 10}}