{"last_target_acc": 0.728, "_timestamp": 1716625669.6740007, "_runtime": 10.771334648132324, "_step": 49, "_wandb": {"runtime": 10}}