{"Train-Acc Source Data 0": 1.0, "_timestamp": 1716631265.6294835, "Train-Acc Source Data 1": 1.0, "last_target_acc": 0.893, "_runtime": 21.977657556533813, "_step": 100, "best_target_acc": 0.898, "target_acc": 0.893, "_wandb": {"runtime": 21}}