{"last_target_acc": 0.852, "_timestamp": 1716625457.5599475, "_runtime": 15.55770754814148, "_step": 49, "_wandb": {"runtime": 14}}