{"Train-Acc Source Data 0": 1.0, "_timestamp": 1716626379.4161704, "Train-Acc Source Data 1": 1.0, "last_target_acc": 0.529, "_runtime": 21.118645429611206, "_step": 100, "best_target_acc": 0.599, "target_acc": 0.529, "_wandb": {"runtime": 20}}