{"last_target_acc": 0.893, "_timestamp": 1716625531.018685, "_runtime": 15.50050401687622, "_step": 49, "_wandb": {"runtime": 14}}