{"Train-Acc Source Data 0": 1.0, "_timestamp": 1716630586.524657, "Train-Acc Source Data 1": 1.0, "last_target_acc": 0.143, "_runtime": 21.02667498588562, "_step": 100, "best_target_acc": 0.399, "target_acc": 0.143, "_wandb": {"runtime": 20}}