{"last_target_acc": 0.461, "_timestamp": 1716625579.9165137, "_runtime": 15.546719789505005, "_step": 49, "_wandb": {"runtime": 14}}