{"last_target_acc": 0.734, "_timestamp": 1716625406.6914027, "_runtime": 16.284533739089966, "_step": 49, "_wandb": {"runtime": 15}}